{"cameraMode":{"drawMode":0,"name":"Shaded","section":"Shading Mode"},"sceneLighting":true,"audioPlay":false,"sceneViewState":{"m_AlwaysRefresh":false,"showFog":true,"showSkybox":true,"showFlares":true,"showImageEffects":true,"showParticleSystems":true,"showVisualEffectGraphs":true,"m_FxEnabled":true},"in2DMode":false,"pivot":{"x":2.3910000324249269,"y":1.1920928955078126e-7,"z":-1.9371509552001954e-7},"rotation":{"x":-0.08606240898370743,"y":0.2977368235588074,"z":-0.026962026953697206,"w":-0.9503804445266724},"size":0.8660253882408142,"orthographic":false}